firstName,lastName,externalId,accountNumber1,currencyCode1,accountNumber2,currencyCode2
Иван,Козлов,ext-0701,40817810000000000701,RUB,40817840000000000701,USD
Мария,Васильева,ext-0702,40817810000000000702,RUB,40817840000000000702,USD
Петр,Павлов,ext-0703,40817810000000000703,RUB,40817840000000000703,USD
Наталья,Семенова,ext-0704,40817810000000000704,RUB,40817840000000000704,USD
Андрей,Медведев,ext-0705,40817810000000000705,RUB,40817840000000000705,USD
Екатерина,Богданова,ext-0706,40817810000000000706,RUB,40817840000000000706,USD
Николай,Федоров,ext-0707,40817810000000000707,RUB,40817840000000000707,USD
Светлана,Киселева,ext-0708,40817810000000000708,RUB,40817840000000000708,USD
Александр,Тарасов,ext-0709,40817810000000000709,RUB,40817840000000000709,USD
Оксана,Михайлова,ext-0710,40817810000000000710,RUB,40817840000000000710,USD
Валентин,Зайцев,ext-0711,40817810000000000711,RUB,40817840000000000711,USD
Ирина,Соловьева,ext-0712,40817810000000000712,RUB,40817840000000000712,USD
Геннадий,Белов,ext-0713,40817810000000000713,RUB,40817840000000000713,USD
Людмила,Виноградова,ext-0714,40817810000000000714,RUB,40817840000000000714,USD
Виталий,Крылов,ext-0715,40817810000000000715,RUB,40817840000000000715,USD
Тамара,Титова,ext-0716,40817810000000000716,RUB,40817840000000000716,USD
Константин,Осипов,ext-0717,40817810000000000717,RUB,40817840000000000717,USD
Вероника,Фомина,ext-0718,40817810000000000718,RUB,40817840000000000718,USD
Станислав,Денисов,ext-0719,40817810000000000719,RUB,40817840000000000719,USD
Алина,Карпова,ext-0720,40817810000000000720,RUB,40817840000000000720,USD
